{
  "camera_matrix": [
    [
      1144.5419718639614,
      0.0,
      651.0357764854776
    ],
    [
      0.0,
      1145.7623335237997,
      345.658585626402
    ],
    [
      0.0,
      0.0,
      1.0
    ]
  ],
  "dist_coeffs": [
    [
      -0.0768739139844131,
      1.2251408755920008,
      0.003326918606767614,
      0.0004418061319673201,
      -3.6445204254516286
    ]
  ],
  "laser_distance_mm": 794.4046711319444,
  "quality": "GOOD (mixed, 4 dual + 21 single)",
  "square_size_mm": 27.19,
  "pattern_size": [
    8,
    6
  ],
  "rotation_angle_deg": 90.0,
  "calibration_type": "dual_45deg_checkerboard"
}