{
  "camera_matrix": [
    [
      1144.5420610506687,
      0.0,
      651.0356309559216
    ],
    [
      0.0,
      1145.7623936105756,
      345.65859940109846
    ],
    [
      0.0,
      0.0,
      1.0
    ]
  ],
  "dist_coeffs": [
    [
      -0.07687332675362127,
      1.2251354687961178,
      0.003326945339793175,
      0.0004417678173621499,
      -3.644502830526294
    ]
  ],
  "laser_distance_mm": 798.8951953406951,
  "quality": "GOOD (mixed, 4 dual + 21 single)",
  "square_size_mm": 27.19,
  "pattern_size": [
    8,
    6
  ],
  "rotation_angle_deg": 45.0,
  "calibration_type": "dual_45deg_checkerboard"
}